"Name","Course Name"
"Inst 1","Calculus I"
"Inst 2","Calculus I"
"Inst 3","Calculus I"
"Inst 4","Calculus II"
"Inst 5","Calculus II"
"Inst 6","Calculus II"
"Inst 7","Calculus II"
"Inst 8","Calculus II"
"Inst 9","Calculus II"
"Inst 10","Multivariable Calc"
"Inst 11","Multivariable Calc"
"Inst 12","Multivariable Calc"
"Inst 13","Probability & Stat"
"Inst 14","Probability & Stat"
"Inst 15","Probability & Stat"
"Inst 16","Probability & Stat"
"Inst 17","Probability & Stat"
"Inst 18","Probability & Stat"
"Inst 19","Probability & Stat"
"Inst 20","Differential Eqtns"
"Inst 21","Differential Eqtns"
"Inst 22","Differential Eqtns"
"Inst 1","Differential Eqtns"
"Inst 2","Linear Optimization"
"Inst 3","Linear Optimization"
"Inst 4","Linear Optimization"
"Inst 5","Discrete Mathematics"
"Inst 6","Discrete Mathematics"
"Inst 7","Discrete Mathematics"
"Inst 8","Adv Engineering Math"
"Inst 9","Adv Engineering Math"
"Inst 10","Information Systems"
"Inst 11","Information Systems"
"Inst 12","Information Systems"
"Inst 13","Information Systems"
"Inst 14","Mathematical Stats"
"Inst 15","Mathematical Stats"
"Inst 16","Probability Models"
"Inst 17","Probability Models"
"Inst 18","Redesign Force Strut"
"Inst 19","Cutter Op Summaries"
"Inst 20","Disaster Response"
"Inst 21","Where Should We Patrol?"
"Inst 22","Summer Training Assignments"
"Inst 23","Mission Readiness"
"Inst 24","DirStd: Algorithms w/Apps"
"Inst 25","DirStd: Actuarial Sci"
"Inst 26","Sel Tpcs:Mathematical Crypto"
